index,Final Names,Final Symbols
0,Agilent Technologies,A
1,Alcoa Corp,AA
2,Aaron's Inc,AAN
3,Advance Auto Parts Inc,AAP
4,American Assets Trust,AAT
5,Alliancebernstein Holding LP,AB
6,Abb Ltd,ABB
7,Abbvie Inc,ABBV
8,Amerisourcebergen Corp,ABC
9,Ambev S.A.,ABEV
10,Asbury Automotive Group Inc,ABG
11,ABM Industries Incorporated,ABM
12,Arbor Realty Trust,ABR
13,Abbott Laboratories,ABT
14,Associated Capital Group Inc,AC
15,Arcosa Inc,ACA
16,Aurora Cannabis Inc,ACB
17,American Campus Communities Inc,ACC
18,Acco Brands Corp,ACCO
19,Accel Entertainment Inc.,ACEL
20,Aluminum Corp of China Ltd,ACH
21,Albertsons Companies Inc Cl A,ACI
22,Aecom Technology Corp,ACM
23,Accenture Plc,ACN
24,Avenue Income Credit Strategies,ACP
25,Ares Commercial Real Estate Cor,ACRE
26,Allianzgi Diversified Income &,ACV
27,Agree Realty Corp,ADC
28,Adc Therapeutics Sa,ADCT
29,Archer Daniels Midland,ADM
30,Adient Plc,ADNT
31,Alliance Data Systems Corp,ADS
32,Advanced Disposal Services Inc,ADSW
33,ADT Inc,ADT
34,Adams Diversified Equity Fund,ADX
35,Aegon N.V. Perp Cap Secs Floating Rate [Ne],AEB
36,Ameren Corp,AEE
37,Aegon Funding Company Llc 5.10% Subordinated Not,AEFC
38,Aegon N.V.,AEG
39,American Equity Investment Life,AEL
40,Agnico-Eagle Mines Ltd,AEM
41,American Eagle Outfitters,AEO
42,American Electric Power Company,AEP
43,Aercap Holdings N.V.,AER
44,The Aes Corp,AES
45,Alliance National Municipal,AFB
46,Allied Capital Corp,AFC
47,American Financial Group,AFG
48,American Financial Group Inc 5.875% Subordinat,AFGB
49,American Financial Group Inc 5.125% Subordinate,AFGC
50,American Financial Group Inc 5.625%,AFGD
51,American Financial Group Inc,AFGH
52,Armstrong Flooring Inc,AFI
53,Aflac Incorporated,AFL
54,Apollo Senior Floating Rate Fund Inc,AFT
55,First Majestic Silver,AG
56,Agco Corp,AGCO
57,Alpine Global Dynamic Dividend Fund,AGD
58,Alamos Gold Inc,AGI
59,Federal Agricultural Mortgage Corp,AGM.A
60,Assured Guaranty Ltd,AGO
61,Avangrid Inc,AGR
62,Adecoagro S.A.,AGRO
63,Playags Inc,AGS
64,Argan Inc,AGX
65,A.H. Belo Corp,AHC
66,Armada Hoffler Properties Inc,AHH
67,Ashford Hospitality Trust Inc,AHT
68,Arlington Asset Investment Corp,AI
69,Arlington Asset Investment Cor,AIC
70,Apollo Tactical Income Fund Inc,AIF
71,American International Group,AIG
72,Albany International Corp,AIN
73,Allianzgi Artificial Intelligence & Technology O,AIO
74,AAR Corp,AIR
75,Applied Industrial Technologies,AIT
76,Apartment Investment and Management,AIV
77,Arlington Asset Investment Cor,AIW
78,Assurant Inc,AIZ
79,Assurant Inc 6.50% Series D Mandatory Converti,AIZP
80,Arthur J. Gallagher & Company,AJG
81,Aerojet Rocketdyne Holdings,AJRD
82,Great Ajax Corp,AJX
83,Great Ajax Corp 7.25% Convertible Senior Notes,AJXA
84,Acadia Realty Trust,AKR
85,Air Lease Corp Cl A,AL
86,Albemarle Corp,ALB
87,Alcon Inc,ALC
88,Allete Inc,ALE
89,Alexander and Baldwin Inc,ALEX
90,Alamo Group,ALG
91,Alaska Air Group,ALK
92,Allstate Corp,ALL
93,Allegion Plc,ALLE
94,Ally Financial,ALLY
95,Allison Transmission Holdings,ALSN
96,Alta Equipment Group Inc.,ALTG
97,Alussa Energy Acquisition Corp Cl A,ALUS
98,Autoliv Inc,ALV
99,Alexander's Inc,ALX
100,Antero Midstream Corp,AM
101,Ambac Financial Group,AMBC
102,Amc Entertainment Holdings Inc,AMC
103,Amcor Plc,AMCR
104,Amtek Inc,AME
105,Affiliated Managers Group,AMG
106,American Homes 4 Rent,AMH
107,Assetmark Financial Holdings Inc,AMK
108,Amn Healthcare Services Inc,AMN
109,America Movil A ADR,AMOV
110,Ameriprise Financial Services,AMP
111,Amplify Energy Corp,AMPY
112,Ameresco Inc,AMRC
113,Amneal Pharmaceuticals Inc,AMRX
114,American Tower Corp,AMT
115,America Movil S.A.B. DE C.V.,AMX
116,Autonation Inc,AN
117,Arista Networks Inc,ANET
118,Abercrombie & Fitch Company,ANF
119,Anworth Mortgage Asset Corp,ANH
120,Anthem Inc,ANTM
121,Alpine Total Dynamic Dividend,AOD
122,AON Plc,AON
123,Smith [A.O.] Corp,AOS
124,Ampco-Pittsburgh Corp,AP
125,Artisan Partners Asset Mgmt,APAM
126,Air Products and Chemicals,APD
127,Api Group Corp,APG
128,Amphenol Corp,APH
129,Apple Hospitality REIT Inc,APLE
130,Apollo Global Management Llc C,APO
131,Blue Apron Holdings Inc,APRN
132,Preferred Apartment Communities,APTS
133,Aptiv Plc,APTV
134,Algonquin Pwr & Util,AQN
135,Algonquin Power & Utilities Corp,AQNA
136,Algonquin Power & Utilities Corp 6.20% Fixed-To,AQNB
137,Evoqua Water Technologies Corp,AQUA
138,Antero Resources Corp,AR
139,American Renal Associates,ARA
140,American Reprographics Company,ARC
141,Arch Coal Inc,ARCH
142,Arcos Dorados Holdings Inc,ARCO
143,Ardagh Group S.A.,ARD
144,Ares Dynamic Credit Allocation,ARDC
145,Alexandria Real Estate Equities,ARE
146,Ares Management LP,ARES
147,Argo Grp Itl Snr NTS,ARGD
148,Argo Group Intl Hlds,ARGO
149,Apollo Commercial Real Estate,ARI
150,American Realty Investors,ARL
151,Arlo Technologies Inc,ARLO
152,Aramark Holdings Corp,ARMK
153,Arconic Corp,ARNC
154,Archrock Inc,AROC
155,Armour Residential R,ARR
156,Arrow Electronics,ARW
157,ASA Gold and Precious Metals,ASA
158,Associated Banc-Corp,ASB
159,Ardmore Shipping Corp,ASC
160,Liberty All-Star Growth Fund,ASG
161,Aberdeen Standard Global Infrastructure,ASGI
162,On Assignment,ASGN
163,Ashland Global Holdings Inc,ASH
164,Advansix Inc,ASIX
165,Aspen Aerogels Inc,ASPN
166,Grupo Aeroportuario Del Sureste,ASR
167,Ase Industrial Holding Co. Ltd,ASX
168,Atlantic Power Corp,AT
169,Atlas Corp.,ATCO
170,A10 Networks Inc,ATEN
171,Adtalem Global Education Inc,ATGE
172,Athene Holding Ltd,ATH
173,Autohome Inc,ATHM
174,Allegheny Technologies Inc,ATI
175,Atkore International Group,ATKR
176,Atmos Energy Corp,ATO
177,Aptargroup,ATR
178,Atento S.A.,ATTO
179,Altice USA Inc Cl A,ATUS
180,Acorn International,ATV
181,Anglogold Ashanti Ltd,AU
182,Yamana Gold,AUY
183,Avista Corp,AVA
184,Grupo Aval Acciones Y Valores S,AVAL
185,Avalonbay Communities,AVB
186,American Vanguard Corp,AVD
187,Advent Claymore Convertible Securities,AVK
188,Avalara Inc,AVLR
189,Avanos Medical Inc,AVNS
190,Avient Corp.,AVNT
191,Avantor Inc,AVTR
192,Avery Dennison Corp,AVY
193,Avaya Holdings Corp,AVYA
194,Alliancebernstein Global High Income Fund,AWF
195,Armstrong World Industries Inc,AWI
196,American Water Works,AWK
197,Alpine Global Premier Propertie,AWP
198,American States Water Company,AWR
199,Axos Financial Inc,AX
200,American Axle & Manufacturing,AXL
201,Axos Financial Inc,AXO
202,American Express Company,AXP
203,Amrep Corp,AXR
204,Axis Capital Holdings,AXS
205,Axalta Coating Systems Ltd,AXTA
206,Acuity Brands Inc,AYI
207,Alteryx Inc,AYX
208,The Azek Company Inc Cl A,AZEK
209,Astrazeneca Plc,AZN
210,Autozone,AZO
211,Azure Power Global Ltd,AZRE
212,Azul S.A. ADR,AZUL
213,Azz Inc,AZZ
214,Barnes Group,B
215,Boeing Company,BA
216,Alibaba Group Holding,BABA
217,Bank of America Corp,BAC
218,Blackrock Income Inv Quality Trust,BAF
219,Booz Allen Hamilton Holding Corp,BAH
220,Braskem S.A.,BAK
221,Brookfield Asset Management Inc,BAM
222,First Pactrust Bancorp,BANC
223,Credicorp Ltd,BAP
224,Baxter International Inc,BAX
225,Blackberry Ltd,BB
226,Bbva Banco Frances S.A.,BBAR
227,Banco Bradesco S.A.,BBD
228,Barings Bdc Inc,BBDC
229,Banco Bradesco S.A.,BBDO
230,Blackrock Muni Income Trust,BBF
231,Blackrock Muni Trust,BBK
232,Bhp Billiton Plc,BBL
233,Balckrock Build America Trust,BBN
234,Brookfield Business Partners LP,BBU
235,Banco Bilbao Viscaya Argentaria S.A.,BBVA
236,Build-A-Bear Workshop,BBW
237,Bbx Capital Corp,BBX
238,Best Buy Company,BBY
239,Brunswick Corp,BC
240,Boise Cascade L.L.C.,BCC
241,BCE Inc,BCE
242,Bonanza Creek Energy Inc,BCEI
243,Banco DE Chile,BCH
244,Brink's Company,BCO
245,Bain Capital Specialty Finance Inc,BCSF
246,Blackrock Resources,BCX
247,Belden Inc,BDC
248,Blackrock Enhanced Dividend Achievers,BDJ
249,Brandywine Realty Trust,BDN
250,Becton Dickinson & Co.,BDXB
251,Bloom Energy Corp Cl A,BE
252,Bright Scholar Education Holdings Ltd,BEDU
253,Franklin Resources,BEN
254,Brookfield Renewable,BEP
255,Brookfield Renewable Corp.,BEPC
256,Berry Global Group,BERY
257,Best Inc,BEST
258,Bright Horizons Family Solutions Inc,BFAM
259,Blackrock Muni Income Trust,BFK
260,Blackrock Florida Muni 2020 Trust,BFO
261,Saul Centers,BFS
262,Blackrock New York Muni Trust II,BFY
263,Blackrock California Muni Trust,BFZ
264,Bunge Ltd,BG
265,Briggs & Stratton Corp,BGG
266,Babson Capital Global Short Du,BGH
267,Blackrock 2022 Global Income Opportunity Trust,BGIO
268,Blackrock Energy and Resources Trust,BGR
269,B&G Foods Holdings,BGS
270,Bg Staffing,BGSF
271,Blackrock Global,BGT
272,Blackstone Gso Long Short Credit Fund,BGX
273,Blackrock International,BGY
274,Biglari Holdings Inc,BH
275,Bausch Health Companies Inc,BHC
276,Benchmark Electronics,BHE
277,Blackrock Core Trust,BHK
278,Berkshire Hills Bancorp,BHLB
279,Bhp Billiton Ltd,BHP
280,Braemar Hotels & Resorts Inc,BHR
281,Blackrock Virginia Muni Trust,BHV
282,Biohaven Pharmaceutical Holding Company Ltd,BHVN
283,Boulder Growth & Income Fund Inc,BIF
284,Big Lots,BIG
285,Bill.com Holdings Inc,BILL
286,Brookfield Infrastructure Partners LP,BIP
287,Brookfield Infrastructure Partners LP Cl A,BIPC
288,Blackrock Multi-Sector Income T,BIT
289,Bitauto Holdings Ltd,BITA
290,Bj's Wholesale Club Holdings Inc,BJ
291,Bank of New York Mellon Corp,BK
292,Brookdale Senior Living Inc,BKD
293,Buckle Inc,BKE
294,Black Hills Corp,BKH
295,Black Knight Inc,BKI
296,Blackrock Muni 2020 Trust,BKK
297,Blackrock Investment Quality Municipal,BKN
298,Baker Hughes A Ge Co. Cl A,BKR
299,Blackrock Income Trust Inc,BKT
300,Topbuild Corp,BLD
301,Blackrock Muni Income Trust II,BLE
302,Ball Corp,BLL
303,Blackrock Ltd Duration Income Trust,BLW
304,Banco Latinoamericano DE Comercio,BLX
305,Banco Macro S.A.,BMA
306,Blackrock Health Sciences Trust,BME
307,Badger Meter,BMI
308,Bank of Montreal,BMO
309,B. Riley Principal Merger Corp. II Cl A,BMRG
310,Bristol-Myers Squibb Company,BMY
311,Barnes & Noble Education Inc C,BNED
312,Bank of Nova Scotia,BNS
313,Blackrock New York Muni Trust Inc,BNY
314,Blackrock Global,BOE
315,Bank of Hawaii Corp,BOH
316,Boot Barn Holdings Inc,BOOT
317,Box Inc,BOX
318,BP Plc,BP
319,BP Midstream Partners LP,BPMP
320,BP Prudhoe Bay Royalty Trust,BPT
321,Blackrock New York Muni Trust,BQH
322,Broadridge Financial Solutions Llc,BR
323,Bellring Brands Inc Cl A,BRBR
324,Brady Corp,BRC
325,Brf-Brasil Foods S.A.,BRFS
326,Broadmark Realty Capital Inc,BRMK
327,Brown & Brown,BRO
328,BRT Realty Trust,BRT
329,Brixmor Property Group Inc,BRX
330,Brightsphere Investment Group Plc,BSA
331,Banco Santander Brasil S.A.,BSBR
332,Blackrock Strategic Muni Trust Inc,BSD
333,Blackrock New York Muni Income Trust,BSE
334,Brightsphere Investment Group Plc,BSIG
335,Blackstone Gso Senior Floating Rate,BSL
336,Black Stone Minerals LP,BSM
337,Grupo Financiero Santander Mexico,BSMX
338,Blackrock Science and Technolo,BST
339,Blackrock Science and Technology Trust II,BSTZ
340,Boston Scientific Corp,BSX
341,Blackrock Long-Term Muni Advantage Trust,BTA
342,Baytex Energy Corp,BTE
343,British American Tobacco Industries,BTI
344,John Hancock Bank and Thrift Fund,BTO
345,Blackrock Municipal Target Term,BTT
346,Peabody Energy Corp,BTU
347,Blackrock Preferred,BTZ
348,Anheuser-Busch Inbev S.A.,BUD
349,Blackrock Utility and Infrastr,BUI
350,Burlington Stores Inc,BURL
351,Brightview Holdings Inc,BV
352,Compania Mina Buenaventura S.A.,BVN
353,Babcock & Wilcox Enterprises,BW
354,Borgwarner Inc,BWA
355,Legg Mason Bw Global Income,BWG
356,Bwx Technologies Inc,BWXT
357,The Blackstone Group LP,BX
358,Bluelinx Holdings Inc,BXC
359,Bluegreen Vacations Corp,BXG
360,Blackstone Mortgage Trust Inc Cl A,BXMT
361,Boston Properties,BXP
362,Bancorpsouth Inc,BXS
363,Byline Bancorp Inc,BY
364,Boyd Gaming Corp,BYD
365,Blackrock Muni Income Quality Trust,BYM
366,Beazer Homes USA,BZH
367,Blackrock Maryland Muni Trust,BZM
368,Citigroup Inc,C
369,Corporacion America Airports Sa,CAAP
370,Cable One Inc,CABO
371,Caci International,CACI
372,Cadence Bancorp Cl A,CADE
373,Cae Inc,CAE
374,Morgan Stanley China A Share Fund Inc,CAF
375,Conagra Brands Inc,CAG
376,Cardinal Health,CAH
377,Cai International,CAI
378,Canon Inc,CAJ
379,Caleres Inc,CAL
380,Calix Inc,CALX
381,Cango Inc ADR,CANG
382,Crossamerica Partners LP,CAPL
383,Cars.com Inc,CARS
384,Caterpillar Inc,CAT
385,Cato Corp,CATO
386,Cincinnati Bell Inc,CBB
387,Companhia Brasileira DE Distribuicao,CBD
388,Allianzgi Convertible Income 2024 Target Term Fu,CBH
389,Cbl & Associates Properties,CBL
390,Cabot Corp,CBT
391,Community Bank System,CBU
392,Cbiz Inc,CBZ
393,Chemours Company,CC
394,Citic Capital Acquisition Corp Cl A,CCAC
395,Coca Cola European Partners,CCEP
396,Collier Creek Holdings Cl A,CCH
397,Crown Castle International Corp,CCI
398,Cameco Corp,CCJ
399,Crown Cork & Seal Company,CCK
400,Carnival Corp,CCL
401,Concord Medical Services,CCM
402,Clear Channel Outdoor Holdings,CCO
403,Consol Coal Resources LP,CCR
404,Century Communities Inc,CCS
405,Churchill Capital Corp II,CCX.U
406,Churchill Capital Corp III Cl A,CCXX
407,Comcast Corp,CCZ
408,Ceridian Hcm Holding Inc,CDAY
409,Coeur Mining Inc,CDE
410,Cedar Shopping Centers Inc,CDR
411,Celanese Corp,CE
412,China Eastern Airlines Corp Ltd,CEA
413,Central Europe and Russia Fund,CEE
414,Consol Energy Inc,CEIX
415,Cypress Energy Partners LP,CELP
416,Clearbridge Energy MLP Fund Inc,CEM
417,Cnooc Ltd,CEO
418,Crestwood Equity Partners LP,CEQP
419,Cf Industries Holdings,CF
420,Colfax Corp,CFX
421,Colfax Corp Tangible Equity Unit,CFXA
422,China Green Agriculture,CGA
423,Canopy Growth Corp,CGC
424,China Telecom Corp Ltd,CHA
425,Chaparral Energy Inc,CHAP
426,Church & Dwight Company,CHD
427,Chemed Inc,CHE
428,Chegg Inc,CHGG
429,Choice Hotels International,CHH
430,China Mobile [Hong Kong] Ltd,CHL
431,Cherry Hill Mortgage Investmen,CHMI
432,China Fund,CHN
433,Charah Solutions Inc,CHRA
434,Chico's Fas,CHS
435,Chunghwa Telecom Co. Ltd,CHT
436,China Unicom [Hong Kong] Ltd,CHU
437,Chewy Inc,CHWY
438,Championx Corp.,CHX
439,Cigna Corp,CI
440,Citizens Inc,CIA
441,Bancolombia S.A.,CIB
442,Ciena Corp,CIEN
443,Comp En DE MN Cemig ADR,CIG
444,Blackrock Capital and Income Strategies,CII
445,Chimera Investment Corp,CIM
446,Ciner Resources LP,CINR
447,City Office REIT Inc,CIO
448,Circor International,CIR
449,Cit Group Inc,CIT
450,Seacor Smit Inc,CKH
451,Colgate-Palmolive Company,CL
452,Core Laboratories N.V.,CLB
453,Chatham Lodging Trust [Reit],CLDT
454,Cleveland-Cliffs Inc,CLF
455,Clean Harbors,CLH
456,Mack-Cali Realty Corp,CLI
457,Colony Northstar Credit Real Estate Inc Class,CLNC
458,Colony Capital Inc,CLNY
459,Clipper Realty Inc,CLPR
460,Continental Resources,CLR
461,Celestica Inc,CLS
462,Clearwater Paper Corp,CLW
463,Clorox Company,CLX
464,Canadian Imperial Bank of Commerce,CM
465,Commercial Metals Company,CMC
466,Cheetah Mobile Inc,CMCM
467,Cantel Medical,CMD
468,Chipotle Mexican Grill,CMG
469,Cummins Inc,CMI
470,Capstead Mortgage Corp,CMO
471,Compass Minerals Intl Inc,CMP
472,Costamare Inc,CMRE
473,Cms Energy Corp,CMS
474,Cms Energy Corp,CMSC
475,Cms Energy Corp 5.875% Junior Subordinate,CMSD
476,Colonial Muni Income Trust,CMU
477,Cna Financial Corp,CNA
478,Cnfinance Holdings Ltd ADR,CNF
479,CNH Industrial N.V.,CNHI
480,Canadian National Railway,CNI
481,Cinemark Holdings Inc,CNK
482,C O N M E D Cp,CNMD
483,Cannae Holdings Inc,CNNE
484,Cno Financial Group,CNO
485,Centerpoint Energy Inc,CNP
486,Canadian Natural Resources,CNQ
487,Cohn & Steers Inc,CNS
488,CNX Resources Corp,CNX
489,CNX Midstream Partners LP,CNXM
490,Global Cord Blood Corp,CO
491,Compass Diversified Holdings,CODI
492,China Online Education Group,COE
493,Capital One Financial Corp,COF
494,Cabot Oil & Gas Corp,COG
495,Americold Realty Trust,COLD
496,Cooper Companies,COO
497,Conocophillips,COP
498,Coresite Realty Corp,COR
499,Corenergy Infrastructure Trust Inc,CORR
500,Coty Inc,COTY
501,Canadian Pacific Railway,CP
502,Copa Holdings S.A.,CPA
503,Cementos Pacasmayo S.A.A,CPAC
504,Campbell Soup Company,CPB
505,Callon Petroleum Company,CPE
506,Crescent Pt Energy,CPG
507,Chesapeake Utilities Corp,CPK
508,Corepoint Lodging Inc,CPLG
509,Capri Holdings Ltd,CPRI
510,Camden Property Trust,CPT
511,Crane Company,CR
512,California Resources Corp,CRC
513,CRH Plc,CRH
514,Carter's Inc,CRI
515,Comstock Resources,CRK
516,Charles River Laboratories Intl,CRL
517,Salesforce.com Inc,CRM
518,Carpenter Technology Corp,CRS
519,Cross Timbers Royalty Trust,CRT
520,Cryolife,CRY
521,Credit Suisse Group,CS
522,Carlisle Companies Inc,CSL
523,Castlight Health Inc,CSLT
524,Carriage Services,CSV
525,Qwest Corp,CTAA
526,Cooper Tire & Rubber Company,CTB
527,Qwest Corp,CTBB
528,Qwest Corp 6.75% Notes Due 2057,CTDD
529,Cootek [Cayman] Inc,CTK
530,Centurylink,CTL
531,Catalent Inc,CTLT
532,Clearbridge Energy MLP Fund IN,CTR
533,Contura Energy Inc,CTRA
534,Cts Corp,CTS
535,Catchmark Timber Trust Inc,CTT
536,Qwest Corp,CTV
537,Corteva Inc,CTVA
538,Qwest Corp,CTY
539,Qwest Corp 6.625% Notes,CTZ
540,Cubic Corp,CUB
541,Customers Bancorp Inc 5.375% Subordinated Notes,CUBB
542,Cubesmart,CUBE
543,Customers Bancorp,CUBI
544,Carnival Plc ADR,CUK
545,Culp Inc,CULP
546,Cousins Properties Inc,CUZ
547,Covanta Holding Corp,CVA
548,Cenovus Energy Inc,CVE
549,Civeo Corp,CVEO
550,Carvana Co. Cl A,CVNA
551,Chevron Corp,CVX
552,Curtiss-Wright Corp,CW
553,Clearway Energy Inc Cl C,CWEN
554,Camping World Holdings Inc,CWH
555,Cushman & Wakefield Plc,CWK
556,California Water Service Group Holding,CWT
557,Cemex S.A.B. DE C.V.,CX
558,Colonial High Income Muni Trust,CXE
559,Colonial Investment Grade Muni Trust,CXH
560,Concho Resources Inc,CXO
561,Columbia Property Trust Inc,CXP
562,Corecivic Inc,CXW
563,China Yuchai International,CYD
564,Community Health Systems,CYH
565,Cosan Ltd,CZZ
566,Dominion Resources,D
567,Danaos Corp,DAC
568,Delta Air Lines Inc,DAL
569,Dana Inc,DAN
570,Youdao Inc ADR,DAO
571,Darling International Inc,DAR
572,Endava Plc,DAVA
573,Deutsche Bank Ag,DB
574,Donaldson Company,DCI
575,Ducommun Inc,DCO
576,Dcp Midstream LP,DCP
577,Dominion Energy Inc 2019 Series A,DCUE
578,Du Pont De.Nemours Inc,DD
579,3D Systems Corp,DDD
580,Delaware Dividend & Income,DDF
581,Dillard's,DDS
582,Dillard's,DDT
583,Deere & Company,DE
584,Easterly Government Properties,DEA
585,Deckers Outdoor Corp,DECK
586,Douglas Emmett,DEI
587,Dell Technologies Inc,DELL
588,Diageo Plc,DEO
589,Despegar.com Corp,DESP
590,Delaware Enhanced Global Dividend,DEX
591,Donnelly Financial Solutions Inc,DFIN
592,LGL Systems Acquisition Corp,DFNS
593,Flaherty & Crumrine Dynamic,DFP
594,Discover Financial Services,DFS
595,Dreyfus High Yield Strategies Fund,DHF
596,D.R. Horton,DHI
597,Danaher Corp,DHR-B
598,Dht Holdings,DHT
599,Nuveen Dow,DIAX
600,Dineequity Inc,DIN
601,Walt Disney Company,DIS
602,Delek US Holdings,DK
603,Delek Logistics Partners LP,DKL
604,Dick's Sporting Goods Inc,DKS
605,China Distance Education Holdings,DL
606,Dolby Laboratories,DLB
607,Delphi Technologies Plc,DLPH
608,Deluxe Corp,DLX
609,Doubleline Yield Opportunities Fund Common Share,DLY
610,Dreyfus Municipal Bond Infrastr,DMB
611,Western Asset Mortgage Defined Opp,DMO
612,Digital Media Solutions Inc.,DMS
613,Dmy Technology Group Inc Cl A,DMYT
614,Chartwell Dividend & Income Fund,DNI
615,Phoenix Tree Holdings Limited American Depositar,DNK
616,Duff & Phelps Utilities Income,DNP
617,Denbury Resources,DNR
618,Physicians Realty Trust,DOC
619,Masonite Worldwide Hld,DOOR
620,Dover Corp,DOV
621,Dow Inc,DOW
622,Duff & Phelps Global Utility,DPG
623,Domino's Pizza Inc,DPZ
624,Daqo New Energy,DQ
625,Duke Realty Corp,DRE
626,Diamondrock Hospitality Company,DRH
627,Darden Restaurants,DRI
628,Dril-Quip,DRQ
629,Dominion Resources Inc,DRUA
630,Drive Shack Inc,DS
631,Duff & Phelps Select Energy ML,DSE
632,Doubleline Income Solutions Fun,DSL
633,Blackrock Debt Strategies Fund,DSU
634,Diana Shipping Inc,DSX
635,Dynatrace Inc,DT
636,Dte Energy Company,DTE
637,Dte Energy Company 2016 Series,DTJ
638,Dte Energy Co. Units,DTP
639,Dte Energy Company Sub Deb 62,DTQ
640,Dte Energy Company 2017 Series E 5.25% Jr,DTW
641,Dignity Plc,DTY
642,Duff & Phelps Utility & Corporate Trust,DUC
643,Duke Energy Corp,DUK
644,Duke Energy Corp 5.625%,DUKB
645,Duke Energy Corp 5.125%,DUKH
646,Davita Healthcare Partners Inc,DVA
647,Dover Downs Entertainment,DVD
648,Devon Energy Corp,DVN
649,Dynex Capital,DX
650,Dxc Technology Company,DXC
651,Dycom Industries,DY
652,Angel Oak Dynamic Financial Strategies,DYFN
653,Eni S.P.A.,E
654,First Mortgage Bonds,EAB
655,Graftech International Ltd,EAF
656,Entergy Arkansas Inc,EAI
657,Ellington Residential Mortgage,EARN
658,Brinker International,EAT
659,Eventbrite Inc,EB
660,Ennis Inc,EBF
661,Centrais Electricas Brazil,EBR
662,Emergent Biosolutions,EBS
663,Eagle Point Credit Co. Inc,ECC
664,Eagle Point Credit Company Inc,ECCB
665,Eagle Point Credit Company Inc 6.6875% Notes Du,ECCX
666,Eagle Point Credit Company Inc,ECCY
667,Ecolab Inc,ECL
668,Eca Marcellus Trust,ECT
669,Consolidated Edison Company of New York,ED
670,Emerging Markets Domestic Debt Fund,EDD
671,Stone Harbor Emerging Markets,EDF
672,Stone Harbor Emerging Markets,EDI
673,Empresa Distribuidora Y Comercializadora,EDN
674,New Oriental Education & Technology Group,EDU
675,El Paso Electric Company,EE
676,European Equity Fund,EEA
677,Emerald Expositions Events Inc,EEX
678,Ellington Financial Llc,EFC
679,Eaton Vance Floating-Rate Inco,EFF
680,Eaton Vance Floating-Rate 2022 Target Term Trust,EFL
681,Eaton Vance Senior Floating-Rate Fund,EFR
682,Eaton Vance Floating Rate Income Trust,EFT
683,Equifax Inc,EFX
684,8X8 Inc,EGHT
685,Eagle Growth and Income Opportunity,EGIF
686,Eldorado Gold Corp,EGO
687,Eastgroup Properties,EGP
688,Vaalco Energy Inc,EGY
689,Encompass Health Corp,EHC
690,Western Asset Global High,EHI
691,Eagle Point Income Company Inc,EIC
692,Employers Holdings Inc,EIG
693,Edison International,EIX
694,Estee Lauder Companies,EL
695,Elanco Animal Health Inc Units [ Purchase Contra,ELAT
696,Entergy Louisiana Llc,ELC
697,E.L.F. Beauty Inc,ELF
698,Entergy Louisiana Llc,ELJ
699,Companhia Paranaense DE Energia,ELP
700,Entergy Louisiana Llc First M,ELU
701,Elevate Credit Inc,ELVT
702,Callaway Golf Company,ELY
703,Western Asset Emerging Market Debt Fund Inc,EMD
704,Emcor Group,EME
705,Templeton Emerging Markets Fund,EMF
706,Eastman Chemical Company,EMN
707,Clearbridge Energy MLP Opportu,EMO
708,Entergy Mississippi Inc 4.9% Bonds,EMP
709,Emerson Electric Company,EMR
710,Enbridge Inc,ENB
711,Enbridge Inc 6.375% Fixed-To-Floating Rate,ENBA
712,Enable Midstream Partners LP,ENBL
713,Enersis Americas S.A. American,ENIA
714,Enersis Chile S.A. ADR,ENIC
715,Enlink Midstream Llc,ENLC
716,Entergy New Orleans Incfirst,ENO
717,Energizer Holdings Inc,ENR
718,Enersys Inc,ENS
719,Envestnet Inc,ENV
720,Enova International Inc,ENVA
721,Enzo Biochem,ENZ
722,Wells Fargo Global Dividend Opportunity,EOD
723,Eog Resources,EOG
724,Eaton Vance Enhance Equity,EOI
725,Eaton Vance Enhanced Equity II,EOS
726,Eaton Vance Muni Income Trust,EOT
727,Actuant Corp,EPAC
728,Epam Systems Inc,EPAM
729,Enterprise Products Partners LP,EPD
730,Entertainment Properties Trust,EPR
731,Essential Properties Realty Trust Inc,EPRT
732,Equity Commonwealth,EQC
733,Axa Equitable Holdings Inc,EQH
734,Equinor ASA,EQNR
735,Equity Residential,EQR
736,Equus Total Return,EQS
737,Eqt Corp,EQT
738,Enerplus Corp,ERF
739,Embraer-Empresa Brasileira DE Aeronautica,ERJ
740,Eros International Plc,EROS
741,Eversource Energy,ES
742,Esco Technologies Inc,ESE
743,Element Solutions Inc,ESI
744,Essent Group Ltd,ESNT
745,Empire State Realty Trust Inc,ESRT
746,Essex Property Trust,ESS
747,Elastic N.V.,ESTC
748,Earthstone Energy,ESTE
749,Eaton Vance Tax-Managed Buy-Write,ETB
750,Eaton Vance Tax-Advantaged Global Dividend,ETG
751,Ethan Allen Interiors Inc,ETH
752,Eaton Vance Risk-Managed Diversified Equity,ETJ
753,Entercom Communications Corp,ETM
754,Eaton Corp,ETN
755,Eaton Vance Tax-Advantage Global Dividend Opp,ETO
756,Entergy Corp,ETR
757,Equitrans Midstream Corp,ETRN
758,Eaton Vance Corp,ETV
759,Eaton Vance Corp,ETW
760,Eaton Vance Municipal Income T,ETX
761,Eaton Vance Tax-Managed Diversified Equity,ETY
762,Euronav NV,EURN
763,Eaton Vance Corp,EV
764,Enviva Partners LP,EVA
765,Entravision Communications Corp,EVC
766,Eaton Vance Senior Income Trust,EVF
767,Eaton Vance Short Diversified,EVG
768,Eaton Vance Muni Income Trust,EVN
769,Evercore Partners Inc,EVR
770,Everi Holdings Inc,EVRI
771,Evertec Inc,EVTC
772,Edwards Lifesciences Corp,EW
773,Eaton Vance Tax-Managed Global Diversified Equit,EXG
774,Endeavour Silver Corp,EXK
775,Eagle Materials Inc,EXP
776,Express Inc,EXPR
777,Extra Space Storage Inc,EXR
778,Exterran Corp,EXTN
779,First Mortgage Bonds,EZT
780,Ford Motor Company,F
781,First American Corp,FAF
782,Flagstar Bancorp,FBC
783,Fortune Brands Home & Security,FBHS
784,Fb Financial Corp,FBK
785,Foundation Building Materials Inc,FBM
786,First Bancorp,FBP
787,Franklin Covey Company,FC
788,Fiat Chrysler Automobiles N.V.,FCAU
789,Fti Consulting,FCN
790,Four Corners Property Trust IN,FCPT
791,First Eagle Alternative Capital Gbc Inc.,FCRW
792,First Eagle Alternative Capital Bdc Inc.,FCRZ
793,Senior Floating Rate II,FCT
794,First Trust Dynamic Europe Equi,FDEU
795,Factset Research Systems Inc,FDS
796,Fedex Corp,FDX
797,Flying Eagle Acquisition Corp Cl A,FEAC
798,Four Seasons Education [Cayman] Inc,FEDU
799,First Trust MLP and Energy Inc,FEI
800,Phoenix New Media Ltd,FENG
801,Forum Energy Technologies Inc,FET
802,Futurefuel Corp,FF
803,First Trust Enhanced Equity Income Fund,FFA
804,Specialty Finance and Financial Fund,FGB
805,Federated Investors,FHI
806,First Horizon National Corp,FHN-E
807,Frank's International N.V.,FI
808,Fair Isaac and Company Inc,FICO
809,First Trust Energy Infrastruct,FIF
810,Angel Oak Financial Strategies Income Term Trust,FINS
811,Finvolution Group,FINV
812,Fidelity National Information Services,FIS
813,Fitbit Inc,FIT
814,Comfort Systems USA,FIX
815,Footlocker Inc,FL
816,Flex Lng Ltd,FLNG
817,Flowers Foods,FLO
818,SPX Flow Inc,FLOW
819,Fluor Corp,FLR
820,Flowserve Corp,FLS
821,Fleetcor Technologies,FLT
822,Fly Leasing Ltd,FLY
823,FMC Corp,FMC
824,Federated Premier Muni,FMN
825,Fresenius Medical Care Corp,FMS
826,Fomento Economico Mexicano S.A.B. DE C.V.,FMX
827,Fabrinet,FN
828,F.N.B. Corp,FNB
829,Floor & Decor Holdings Inc,FND
830,Fidelity National Financial,FNF
831,Franco Nev Corp,FNV
832,Ferro Corp,FOE
833,Cohen & Steers Closed-End Opportunity Fund,FOF
834,Forestar Group Inc,FOR
835,Shift4 Payments Inc.,FOUR
836,Far Point Acquisition Corp Cl A,FPAC
837,First Trust Intermediate Durat,FPF
838,Farmland Partners Inc,FPI
839,First Trust New Opportunities M,FPL
840,First Industrial Realty Trust,FR
841,Blackrock Floating Rate Income Fund,FRA
842,First Republic Bank,FRC
843,Frontline Ltd,FRO
844,Federal Realty Investment Trust,FRT
845,High Income Long Short Fund,FSD
846,FS KKR Capital Corp,FSK
847,FS KKR Capital Corp. II,FSKR
848,First Eagle Senior Loan Fund,FSLF
849,Fastly Inc,FSLY
850,Fortuna Silver Mines,FSM
851,Federal Signal Corp,FSS
852,Franklin Universal Trust,FT
853,Fortress Transportation & Infra,FTAI
854,Farfetch Ltd Cl A,FTCH
855,First Trust High Yield Opportunities 2027 Term F,FTHY
856,Technipfmc Plc,FTI
857,Flotek Industries,FTK
858,Fortis Inc,FTS
859,Fortive Corp,FTV
860,H. B. Fuller Company,FUL
861,Cedar Fair LP,FUN
862,Fortress Value Acquisition Corp Cl A,FVAC
863,Genpact Ltd,G
864,Gabelli Equity Trust,GAB
865,General American Investors,GAM
866,GATX Corp,GATX
867,Guggenheim Build America Bonds,GBAB
868,Gamco Investors,GBL
869,Greenbrier Companies,GBX
870,Gain Capital Holdings,GCAP
871,Gannett Co. Inc.,GCI
872,Genesco Inc,GCO
873,Gcp Applied Technologies Inc C,GCP
874,Gabelli Convertible and Income Securities,GCV
875,Godaddy Inc,GDDY
876,The Gdl Fund,GDL
877,Green Dot Corp,GDOT
878,Gabelli Dividend,GDV
879,General Electric Company,GE
880,Greif Bros. Corp,GEF
881,Genesis Energy LP,GEL
882,Genesis Healthcare Inc,GEN
883,Geo Group Inc,GEO
884,Goldman Sachs MLP Energy Renai,GER
885,Guess Inc,GES
886,New Germany Fund,GF
887,Griffon Corp,GFF
888,Gold Fields Ltd,GFI
889,Gfl Environmental Inc,GFL
890,Gfl Environmental Inc Tangible Equity Units,GFLU
891,Western Asset Variable Rate Strategic,GFY
892,Gerdau S.A.,GGB
893,Graco Inc,GGG
894,Guggenheim Credit Allocation F,GGM
895,Gabelli Global Small and Mid CA,GGZ
896,Graham Holdings Company,GHC
897,Greentree Hospitality Group Ltd ADR,GHG
898,Greenhill & Co. Inc,GHL
899,Prudential Global Short Durati,GHY
900,Gigcapital3 Inc,GIK
901,Gildan Activewear,GIL
902,Templeton Global,GIM
903,General Mills,GIS
904,Gigcapital2 Inc,GIX.U
905,Strats Sm Trust For United States Cellular Corp,GJH
906,Strats Sm Trust For Wal-Mart Stores Inc Securiti,GJO
907,Strats Sm Trust For Dominion Resources Inc Secur,GJP
908,Strats Sm Trust For The Procter & Gamble Co. Sec,GJR
909,Strats Sm Trust For Goldman Sachs Group Securiti,GJS
910,Strats Sm Trust For Allstate Corp Securities Ser,GJT
911,Glaukos Corp,GKOS
912,Globe Life Inc,GL
913,Galileo Acquisition Corp,GLEO
914,Gaslog Ltd,GLOG
915,Gaslog Partners LP,GLOP
916,Glatfelter,GLT
917,Corning Inc,GLW
918,General Motors Company,GM
919,Gamestop Corp,GME
920,Globus Medical Inc,GMED
921,Global Medical REIT Inc,GMRE
922,Gms Inc,GMS
923,GATX Corp 5.625% Senior,GMTA
924,Goldman Sachs MLP Income Oppor,GMZ
925,Genie Energy Ltd Cl B,GNE
926,Genco Shipping & Trading Ltd,GNK
927,Global Net Lease Inc,GNL
928,Generac Holdings Inc,GNRC
929,Gabelli Natural Resources Gold,GNT
930,Gol Linhas Aereas Inteligentes S.A.,GOL
931,Barrick Gold Corp,GOLD
932,Acushnet Holdings Corp,GOLF
933,Canada Goose Holdings Inc Subordinate Voting Sh,GOOS
934,Genuine Parts Company,GPC
935,Group 1 Automotive,GPI
936,Georgia Power Company Series 2017A 5.00% Jr,GPJA
937,Guggenheim Enhanced Equity,GPM
938,Granite Point Mortgage Trust Inc,GPMT
939,Global Payments Inc,GPN
940,Geopark Hlds Lmtd,GPRK
941,Gp Strategies Corp,GPX
942,W.R. Grace & Company,GRA
943,Graf Industrial Corp,GRAF
944,Grana Y Montero S.A.A.,GRAM
945,Gorman-Rupp Company,GRC
946,Grubhub Inc,GRUB
947,The Gabelli Healthcare & Wellness Trust,GRX
948,Goldman Sachs Group,GS
949,Goldman Sachs Bdc Inc,GSBD
950,Guangshen Railway,GSH
951,Glaxosmithkline Plc,GSK
952,Global Ship Lease Inc,GSL
953,Global Ship Lease Inc 8.00% Senior Notes Due 20,GSLD
954,Gsx Techedu Inc ADR,GSX
955,Gates Industrial Corp Plc,GTES
956,Gray Television,GTN
957,Triple-S Management Corp,GTS
958,Global Telcom & Technology Inc,GTT
959,Garrett Motion Inc,GTX
960,Gabelli Utility Trust,GUT
961,Granite Construction Inc,GVA
962,Great Western Bancorp Inc,GWB
963,W.W. Grainger,GWW
964,Corporate Asset Backed Corp Cabco,GYC
965,Hyatt Hotels Corp,H
966,Haemonetics Corp,HAE
967,Halliburton Company,HAL
968,Hannon Armstrong Sustainable IN,HASI
969,Hamilton Beach Brands Holding Company Cl A,HBB
970,Hanesbrands Inc,HBI
971,Hudbay Minerals Inc,HBM
972,Hca Holdings Inc,HCA
973,Hunt Companies Finance Trust Inc,HCFT
974,Hc2 Holdings Inc,HCHC
975,Homeowners Choice,HCI
976,Hi-Crush Inc,HCR
977,Hercules Capital Inc 6.25% Notes Due 2033,HCXY
978,Hercules Capital Inc 5.25% Notes Due 2025,HCXZ
979,Hawaiian Electric Industries,HE
980,Heico Corp,HEI
981,Holly Energy Partners LP,HEP
982,John Hancock Hedged Eqty & Inc,HEQ
983,Hess Corp,HES
984,Hess Midstream Partners LP,HESM
985,Hexo Corp,HEXO
986,Hollyfrontier Corp,HFC
987,Highland Floating Rate Opportunities Fund,HFRO
988,The Hartford Financial Srvcs G,HGH
989,Highland Global Allocation Fund,HGLB
990,Hilton Grand Vacations Inc,HGV
991,Howard Hughes Corp,HHC
992,Hillenbrand Inc,HI
993,Hartford Financial Services Group,HIG
994,Hill International Inc,HIL
995,Western Asset High,HIO
996,Highwoods Properties,HIW
997,Western Asset High Income Fund II Inc,HIX
998,Amtd International Inc,HKIB
999,Hecla Mining Company,HL
1000,Herbalife Ltd,HLF
1001,Houlihan Lokey,HLI
1002,Hilton Inc,HLT
1003,Helix Energy Solutions Group,HLX
1004,Honda Motor Company,HMC
1005,Huami Corp ADR,HMI
1006,Horace Mann Educators Corp,HMN
1007,Harmony Gold Mining Co. Ltd,HMY
1008,Hanger Inc,HNGR
1009,Hon Industries Inc,HNI
1010,Huaneng Power Intl,HNP
1011,Harley-Davidson Inc,HOG
1012,At Home Group Inc,HOME
1013,Hovnanian Enterprises Inc,HOV
1014,Helmerich & Payne,HP
1015,Hewlett Packard Enterprise Comp,HPE
1016,John Hancock Pfd II,HPF
1017,John Hancock Preferred,HPI
1018,Hudson Pacific Properties,HPP
1019,Hp Inc,HPQ
1020,Highpoint Resources Corp,HPR
1021,John Hancock Preferred Income Fund III,HPS
1022,Tekla Healthcare Investors,HQH
1023,Tekla Life Sciences Investors,HQL
1024,Healthcare Realty Trust Inc,HR
1025,H&R Block,HRB
1026,Hill-Rom Holdings Inc,HRC
1027,Herc Holdings Inc,HRI
1028,Hormel Foods Corp,HRL
1029,Heritage Insurance Holdings,HRTG
1030,HSBC Holdings Plc,HSBC
1031,Harsco Corp,HSC
1032,Host Marriott Financial Trust,HST
1033,Hershey Foods Corp,HSY
1034,Hersha Hospitality Trust,HT
1035,Healthcare Trust of America,HTA
1036,Horizon Technology Finance 6.25% Notes Due 2022,HTFA
1037,Hercules Technology Growth Capital,HTGC
1038,Hilltop Holdings Inc,HTH
1039,John Hancock Tax-Advantaged Global,HTY
1040,Hertz Global Holdings Inc,HTZ
1041,Hubbell Inc B,HUBB
1042,Hubspot Inc,HUBS
1043,Hudson Ltd Cl A,HUD
1044,Humana Inc,HUM
1045,Huntsman Corp,HUN
1046,Huya Inc,HUYA
1047,Haverty Furniture Companies,HVT
1048,Howmet Aerospace Inc.,HWM
1049,Hexcel Corp,HXL
1050,Hyster-Yale Materials Handling,HY
1051,Western Asset High Yield Defined,HYI
1052,Marinemax Inc,HZO
1053,Iaa Inc,IAA
1054,VOYA Asia Pacific High Dividend Equity,IAE
1055,Iamgold Corp,IAG
1056,International Business Machines,IBM
1057,Icici Bank Ltd,IBN
1058,Installed Building Products,IBP
1059,Independence Contract Drilling Inc,ICD
1060,Intercontinental Exchange,ICE
1061,Israel Chemicals Ltd,ICL
1062,Idacorp Inc,IDA
1063,IDT Corp,IDT
1064,Idex Corp,IEX
1065,International Flavors & Fragrances,IFF
1066,India Fund,IFN
1067,Intercorp Financial Services Inc,IFS
1068,VOYA Global Advantage and Premium,IGA
1069,VOYA Global Equity Dividend and Premium,IGD
1070,Western Asset Investment Grade Defined,IGI
1071,VOYA Clarion Global Real Estate,IGR
1072,Independence Holding Company,IHC
1073,Intercontinental Hotels Group,IHG
1074,Invesco High Income 2024 Target Term Fund,IHTA
1075,VOYA International High Dividend Equity,IID
1076,Morgan Stanley India Investment Fund Inc,IIF
1077,Invesco Insured Muni Income Trust,IIM
1078,Innovative Industrial Properties,IIPR
1079,Imax Corp,IMAX
1080,IHS Markit Ltd,INFO
1081,Infosys Ltd,INFY
1082,ING Groep N.V. ADR,ING
1083,Ingredion Inc,INGR
1084,Insight Select Income Fund,INSI
1085,International Seaways Inc,INSW
1086,World Fuel Services Corp,INT
1087,Invitation Homes Inc,INVH
1088,ION Geophysical Corp,IO
1089,International Paper Company,IP
1090,Interpublic Group of Companies,IPG
1091,Inphi Corp,IPHI
1092,Interprivate Acquisition Corp,IPV.U
1093,Invesco Quality Muni Income Trust,IQI
1094,Iqvia Holdings Inc,IQV
1095,Ingersoll Rand Inc.,IR
1096,Irish Investment Fund,IRL
1097,Iron Mountain Inc,IRM
1098,VOYA Risk Managed Natural Resources Fund,IRR
1099,Irsa Inversiones Y Representaciones S.A.,IRS
1100,Independence Realty Trust Inc,IRT
1101,Prudential Short Duration High,ISD
1102,Gartner Inc,IT
1103,Itau Corpbanca,ITCB
1104,Integer Holdings Corp,ITGR
1105,ITT Inc,ITT
1106,Itau Unibanco Banco Holding S.A.,ITUB
1107,Illinois Tool Works Inc,ITW
1108,Invacare Corp,IVC
1109,Ivy High Income Opportunities,IVH
1110,Invesco Plc,IVZ
1111,Orix Corp ADR,IX
1112,Jacobs Engineering Group Inc,J
1113,J. Alexander's Holdings Inc C,JAX
1114,Jbg Smith Properties,JBGS
1115,Lehman Abs Corp,JBK
1116,Jabil Circuit,JBL
1117,John Bean Technologies Corp,JBT
1118,Jernigan Capital Inc,JCAP
1119,Nuveen Core Equity Alpha Fund,JCE
1120,Johnson Controls Intl,JCI
1121,Nuveen Credit Opportunities 2022 Target Term Fun,JCO
1122,Nuveen Diversified Dividend and,JDD
1123,Just Energy Group Inc,JE
1124,Jefferies Financial Group Inc,JEF
1125,Jeld-Wen Holding Inc,JELD
1126,Japan Equity Fund,JEQ
1127,Nuveen Floating Rate,JFR
1128,Nuveen Global High Income Fund,JGH
1129,Nuveen High Income 2023 Target Term Fund,JHAA
1130,Nuveen High Income November 2021 Target Term Fun,JHB
1131,Janus Henderson Group Plc,JHG
1132,John Hancock Investors Trust,JHI
1133,John Hancock Income Securities Trust,JHS
1134,James Hardie Industries Se,JHX
1135,Nuveen High Income 2020 Target,JHY
1136,Juniper Industrial Holdings Inc Cl A,JIH
1137,J. Jill Inc,JILL
1138,Jinkosolar Holding Company Ltd,JKS
1139,Nuveen Mortgage Opportunity Term Fund,JLS
1140,Jumia Technologies Ag ADR,JMIA
1141,Nuveen Multi-Market Income Fund Inc,JMM
1142,Johnson & Johnson,JNJ
1143,Juniper Networks,JNPR
1144,Japan Smaller Capitalization Fund Inc,JOF
1145,Jupai Holdings Ltd,JP
1146,Nuveen Preferred and Convertible,JPC
1147,Nuveen Preferred and Income Term Fund,JPI
1148,JP Morgan Chase & Company,JPM
1149,Nuveen Quality Preferred 2,JPS
1150,Nuveen Preferred and Income 2022 Term Fund,JPT
1151,Nuveen Preferred and Convertible 2,JQC
1152,Nuveen Real Asset Income and Gr,JRI
1153,Nuveen Real Estate Fund,JRS
1154,Nuveen Short Duration Credit O,JSD
1155,Nuveen Tax-Advantaged Total Return,JTA
1156,Nuveen Tax-Advantaged Dividend Growth,JTD
1157,Nordstrom,JWN
1158,Jaws Acquisition Corp Cl A.,JWS
1159,Kellogg Company,K
1160,Kadant Inc,KAI
1161,Kaman Corp,KAMN
1162,Kar Auction Services Inc,KAR
1163,KB Financial Group Inc,KB
1164,KB Home,KBH
1165,KBR Inc,KBR
1166,Kadmon Holdings Llc,KDMN
1167,Korea Electric Power Corp,KEP
1168,Kirby Corp,KEX
1169,Keycorp,KEY
1170,Kingsway Financial Services,KFS
1171,Kinross Gold Corp,KGC
1172,Kimco Realty Corp,KIM
1173,KKR & Co. LP,KKR
1174,Kirkland Lake Gold Ltd,KL
1175,Kimberly-Clark Corp,KMB
1176,Kayne Anderson Midstream Energy Fund,KMF
1177,Kinder Morgan,KMI
1178,Kemper Corp,KMPR
1179,Kennametal Inc,KMT
1180,Carmax Inc,KMX
1181,Knowles Corp,KN
1182,Knoll Inc,KNL
1183,Knight-Swift Transporation Inc,KNX
1184,Coca-Cola Company,KO
1185,Eastman Kodak,KODK
1186,Coca Cola Femsa S.A.B. DE C.V.,KOF
1187,Koppers Holdings Inc,KOP
1188,Kosmos Energy Ltd,KOS
1189,Kilroy Realty Corp,KRC
1190,KKR Real Estate Finance Trust Inc,KREF
1191,Kite Realty Group Trust,KRG
1192,Kronos Worldwide Inc,KRO
1193,Kimbell Royalty Partners,KRP
1194,Kohl's Corp,KSS
1195,Kansas City Southern,KSU
1196,Korea Telecom Corp,KT
1197,Scudder Municiple Income Trust,KTF
1198,Lehman Abs Corp,KTH
1199,Lehman Abs Corp,KTN
1200,Kennedy-Wilson Holdings Inc,KW
1201,Quaker Chemical Corp,KWR
1202,Kayne Anderson MLP Investment Company,KYN
1203,Loews Corp,L
1204,Lithium Americas Corp,LAC
1205,Ladder Capital Corp,LADR
1206,Laix Inc ADR,LAIX
1207,Lazard Ltd,LAZ
1208,L Brands Inc,LB
1209,Liberty Oilfield Services Inc,LBRT
1210,Lannett Co. Inc,LCI
1211,Lci Industries,LCII
1212,Lydall Inc,LDL
1213,Leidos Holdings Inc,LDOS
1214,Cohen & Steers Ltd Duration Prfd Income Fund,LDP
1215,Lear Corp,LEA
1216,Leaf Group Ltd,LEAF
1217,Lee Enterprises Inc,LEE
1218,Leggett & Platt Inc,LEG
1219,Leju Holdings Ltd,LEJU
1220,Lennar Corp,LEN
1221,Dreyfus Strategic Municipals,LEO
1222,Levi Strauss & Co. Cl A,LEVI
1223,China Life Insurance Company Ltd,LFC
1224,Legacy Acquisition Corp,LGC
1225,Lions Gate Entertainment Corp Cl B,LGF.B
1226,Lazard Global Total Return and,LGI
1227,Laboratory Corp of America Holdings,LH
1228,Leo Holdings Corp Cl A,LHC
1229,L3Harris Technologies Inc,LHX
1230,Lennox International,LII
1231,Linde Plc,LIN
1232,Linx S.A. ADR,LINX
1233,Lightinthebox Holding Co. Ltd,LITB
1234,Eli Lilly and Company,LLY
1235,Legg Mason Inc,LMHA
1236,Legg Mason Inc,LMHB
1237,Lemonade Inc,LMND
1238,Lockheed Martin Corp,LMT
1239,Line Corp,LN
1240,Lincoln National Corp,LNC
1241,Brasilagro ADR,LND
1242,Lindsay Corp,LNN
1243,Live Oak Acquisition Corp,LOAK
1244,Loma Negra Comp Indu Argentina Sociedad ADR,LOMA
1245,Lowe's Companies,LOW
1246,Dorian Lpg Ltd,LPG
1247,Lg Display Co. Ltd,LPL
1248,Louisiana-Pacific Corp,LPX
1249,Life Storage,LSI
1250,Ltc Properties,LTC
1251,Livent Corp,LTHM
1252,Luby's Inc,LUB
1253,Southwest Airlines Company,LUV
1254,Las Vegas Sands,LVS
1255,Lamb Weston Holdings Inc,LW
1256,Lexington Realty Trust,LXP
1257,Lsb Industries Inc,LXU
1258,Lyondellbasell Industries NV,LYB
1259,Live Nation Entertainment,LYV
1260,La-Z-Boy Inc,LZB
1261,Macy's Inc,M
1262,Mastercard Inc,MA
1263,Macerich Company,MAC
1264,Main Street Capital Corp,MAIN
1265,Manpower Inc,MAN
1266,Manchester United Ltd,MANU
1267,Masco Corp,MAS
1268,Matson Inc,MATX
1269,Pioneer Muni High Income Advantage Trust,MAV
1270,Maxar Technologies Ltd,MAXR
1271,MBIA Inc,MBI
1272,Moelis,MC
1273,Blackrock Muniyield California Insured Fund,MCA
1274,Metropolitan Bank Holding Corp,MCB
1275,McDonald's Corp,MCD
1276,Massmutual Corporate Investors,MCI
1277,Mckesson Corp,MCK
1278,Moody's Corp,MCO
1279,MFS Charter Income Trust,MCR
1280,Marcus Corp,MCS
1281,Medley Capital Corp,MCV
1282,Medley Capital Corp,MCX
1283,Mercury General Corp,MCY
1284,Mednax Inc,MD
1285,M.D.C. Holdings,MDC
1286,Medallia Inc,MDLA
1287,Medley Llc 7.25% Notes Due 2024,MDLQ
1288,Medley Llc,MDLX
1289,Medley Management Inc,MDLY
1290,Meredith Corp,MDP
1291,Medtronic Inc,MDT
1292,Mdu Res Group Inc,MDU
1293,Mayville Engineering Company Inc,MEC
1294,Medifast Inc,MED
1295,Montrose Environmental Group Inc,MEG
1296,Methode Electronics,MEI
1297,Blackrock Munienhanced Fund,MEN
1298,Metlife Inc,MET
1299,MFA Financial Inc,MFA
1300,Megalith Financial Acquisition Corp Cl A,MFAC
1301,Manulife Financial Corp,MFC
1302,Mizuho Financial Group,MFG
1303,Blackrock Muniholdings Investment Quality Fund,MFL
1304,MFS Muni Income Trust,MFM
1305,MFA Financial Inc,MFO
1306,Blackrock Muniyield Investment Qualityfund,MFT
1307,MFS Special Value Trust,MFV
1308,Mistras Group Inc,MG
1309,Magna International,MGA
1310,MFS Government Markets Income Trust,MGF
1311,MGM Resorts International,MGM
1312,MGM Growth Properties Llc,MGP
1313,Affiliated Managers Group Inc,MGR
1314,Macquarie Global Infrastructure Total Return Fun,MGU
1315,Blackrock Muniholdings Fund,MHD
1316,Western Asset Muni High,MHF
1317,Pioneer Muni High Income Trust,MHI
1318,Mohawk Industries,MHK
1319,Maiden Holdings Ltd 6.625% No,MHLA
1320,Maiden Holdings North America,MHNC
1321,Cohen & Steers MLP Income and,MIE
1322,MFS Intermediate Income Trust,MIN
1323,Ag Mortgage Investment Trust,MITT
1324,Mix Telematics Ltd,MIXT
1325,Mccormick & Company Inc,MKC
1326,Mueller Industries,MLI
1327,Martin Marietta Materials,MLM
1328,Miller Industries,MLR
1329,Mainstay Defined Muni Opp Fund,MMD
1330,Marcus & Millichap,MMI
1331,3M Company,MMM
1332,Magellan Midstream Partners LP,MMP
1333,Maximus Inc,MMS
1334,MFS Multimarket Income Trust,MMT
1335,Western Asset Managed Municipals Fund,MMU
1336,Manning & Napier Inc,MN
1337,Mallinckrodt Plc,MNK
1338,Western Asset Muni Partners Fund,MNP
1339,Monmouth Real Estate Investment Corp,MNR
1340,Brigham Minerals Inc,MNRL
1341,Altria Group,MO
1342,Modine Manufacturing Company,MOD
1343,Mogu Inc ADR,MOGU
1344,Molina Healthcare Inc,MOH
1345,Mosaic Company,MOS
1346,Movado Group Inc,MOV
1347,Blackrock Muniyield Pennsylvania Quality Fund,MPA
1348,Marathon Petroleum Corp,MPC
1349,Mplx LP,MPLX
1350,Massmutual Participation Investors,MPV
1351,Medical Properties Trust,MPW
1352,Blackrock Muniyield Quality Fund II,MQT
1353,Blackrock Muniyield Quality Fund,MQY
1354,Montage Resources Corp,MR
1355,Merck & Company,MRK
1356,Marathon Oil Corp,MRO
1357,Morgan Stanley,MS
1358,Mesabi Trust,MSB
1359,Studio City Intl Holdings Ltd ADR,MSC
1360,MSCI Inc,MSCI
1361,Morgan Stanley Emerging Markets Debt,MSD
1362,Madison Square Garden Entertainment Corp.,MSGE
1363,Msg Networks Inc,MSGN
1364,Madison Square Garden Sports Corp.,MSGS
1365,Motorola Solutions,MSI
1366,Msc Industrial Direct Company,MSM
1367,Arcelormittal,MT
1368,M&T Bank Corp,MTB
1369,Arcelormittal 5.50% Mandatorily,MTCN
1370,Mettler-Toledo International,MTD
1371,Matador Resources Company,MTDR
1372,Mgic Investment Corp,MTG
1373,Meritage Corp,MTH
1374,Mechel Oao,MTL
1375,Vail Resorts,MTN
1376,Mesa Royalty Trust,MTR
1377,Materion Corp,MTRN
1378,Western Asset Muni Defined Opportunity Trust Inc,MTT
1379,Minerals Technologies Inc,MTX
1380,Mastec Inc,MTZ
1381,Blackrock Muniassets Fund,MUA
1382,Blackrock Muniholdings Quality Fund II,MUE
1383,Mitsubishi Ufj Financial Group Inc,MUFG
1384,Blackrock Muniholdings Fund II,MUH
1385,Blackrock Muni Intermediate Duration Fund Inc,MUI
1386,Blackrock Muniholdings New Jersey Insured Fund,MUJ
1387,Blackrock Muniholdings Quality Fund,MUS
1388,Murphy USA Inc,MUSA
1389,Mcewen Mining Inc,MUX
1390,MVC Capital,MVC
1391,MVC Capital Inc 6.25% Senior Notes Due 2022,MVCD
1392,Munivest Fund,MVF
1393,Mv Oil Trust,MVO
1394,Blackrock Munivest Fund II,MVT
1395,Mueller Water Products,MWA
1396,Magnachip Semiconductor Corp,MX
1397,Mexico Equity and,MXE
1398,Mexico Fund,MXF
1399,Maxlinear Inc,MXL
1400,Blackrock Muniyield Fund,MYD
1401,Myers Industries,MYE
1402,Blackrock Muniyield Investment Fund,MYF
1403,Blackrock Muniyield Quality Fund III,MYI
1404,Blackrock Muniyield New Jersey Fund,MYJ
1405,Blackrock Muniyield New York Quality Fund,MYN
1406,Myovant Sciences Ltd,MYOV
1407,Muniyield Arizona Fund,MZA
1408,Nuveen California Divadv Fund,NAC
1409,Nuveen Divadv Fund,NAD
1410,Nuveen New York Divadv Fund,NAN
1411,Nordic American Tanker Shipping Ltd,NAT
1412,Navistar International Corp,NAV
1413,Nuveen Arizona Premium Fund,NAZ
1414,Nuveen Build America Bond Fund,NBB
1415,Nacco Industries,NC
1416,Nuveen California Muni Value Fund,NCA
1417,Nuveen California Muni Value Fund 2,NCB
1418,Norwegian Cruise Ord,NCLH
1419,NCR Corp,NCR
1420,Agic Convertible &,NCV
1421,Agic Convertible & II,NCZ
1422,Noble Corp,NE
1423,Nuveen Insured Tax-Free Advantage Fund,NEA
1424,Nextera Energy,NEE
1425,Newmont Mining Corp,NEM
1426,Nextera Energy Partners LP,NEP
1427,Cloudflare Inc Cl A,NET
1428,Newmarket Corp,NEU
1429,Nuveen Enhanced Muni Value Fund,NEV
1430,New Relic Inc,NEWR
1431,Nextier Oilfield Solutions Inc.,NEX
1432,Nexa Resources S.A.,NEXA
1433,New Frontier Health Corp,NFH
1434,Nfj Dividend Interest & Premium Strategy Fund,NFJ
1435,Ngl Energy Partners LP,NGL
1436,Natural Grocers By Vitamin Cottage Inc,NGVC
1437,Nuveen Municipal,NHA
1438,National Health Investors,NHI
1439,NiSource Inc,NI
1440,Nuveen Intermediate Duration M,NID
1441,Agic Equity & Convertible,NIE
1442,Nuveen Maturities Fund,NIM
1443,Nine Energy Service Inc,NINE
1444,Nio Inc,NIO
1445,Nuveen Intermediate Duration Q,NIQ
1446,Newjersey Resources Corp,NJR
1447,Nuveen New Jersey Muni Value Fund,NJV
1448,Nike Inc,NKE
1449,Nuveen Georgia Divadv Fund 2,NKG
1450,Nuveen Insured California Tax-Free,NKX
1451,NL Industries,NL
1452,Nielsen Holdings Plc,NLSN
1453,Annaly Capital Management Inc,NLY
1454,Navios Maritime Holdings Inc,NM
1455,Nuveen Municipal Credit Opportunities Fund,NMCO
1456,New Mountain Finance Corp,NMFC
1457,New Mountain Finance Corp,NMFX
1458,Nuveen Muni,NMI
1459,Navios Maritime Partners LP,NMM
1460,Nomura Holdings Inc ADR,NMR
1461,Nuveen Minnesota Municipal Inco,NMS
1462,Nuveen Massachusetts Premium Fund,NMT
1463,Nuveen Maryland Premium Fund,NMY
1464,Nuveen Muni High Income Opportunity,NMZ
1465,Nelnet Inc,NNI
1466,National Retail Properties,NNN
1467,Nuveen New York Muni Value Fund,NNY
1468,Noah Holdings Ltd,NOAH
1469,Nokia Corp,NOK
1470,Nuveen Missouri Premium Fund,NOM
1471,Nomad Foods Ltd,NOMD
1472,National-Oilwell,NOV
1473,Sunnova Energy International Inc,NOVA
1474,Servicenow Inc,NOW
1475,Neenah Paper,NP
1476,National Presto Industries,NPK
1477,Nuveen Pennsylvania Muni Value Fund,NPN
1478,Enpro Industries,NPO
1479,Neophotonics Corp,NPTN
1480,Nuveen Pennsylvania Investment,NQP
1481,Newpark Resources,NR
1482,Nexpoint Real Estate Finance Inc,NREF
1483,NRG Energy,NRG
1484,Neurologix Inc,NRGX
1485,Nuveen Insured New York Tax-Free,NRK
1486,Natural Resource Partners LP,NRP
1487,North European Oil Royality Trust,NRT
1488,National Rural Utilities Coop Finance Corp 5.500,NRUC
1489,New Residential Investment Corp,NRZ
1490,Nustar Energy LP,NS
1491,Norfolk Southern Corp,NSC
1492,Nesco Holdings Inc,NSCO
1493,Insperity Inc,NSP
1494,Bank of Butterfield Ltd,NTB
1495,Natura &Co Holding S.A. ADR,NTCO
1496,N,NTEST.I
1497,N,NTEST.K
1498,Tortoise MLP Fund,NTG
1499,Nam Tai Electronics,NTP
1500,Nutrien Ltd,NTR
1501,Natuzzi S.P.A.,NTZ
1502,Nucor Corp,NUE
1503,Nuveen Michigan Quality,NUM
1504,Nu Skin Enterprises,NUS
1505,Nuveen Muni Value Fund,NUV
1506,Nuveen Muni Value Fund,NUW
1507,Nuveen Insured Divadv Fund,NVG
1508,Navigator Holdings,NVGS
1509,Nevro Corp,NVRO
1510,Novartis Ag,NVS
1511,Envista Holdings Corp,NVST
1512,Nvent Electric Plc,NVT
1513,Invitae Corp,NVTA
1514,Northwestern Corp,NWE
1515,Natwest Group Plc,NWG
1516,New Home Co. Llc,NWHM
1517,Quanex Building Products Corp,NX
1518,Nuveen California Tax-Free Income,NXC
1519,Nuveen New Jersey Divadv Fund,NXJ
1520,Nuveen Insured New York Tax-Free,NXN
1521,Nuveen Tax Free Income Portfolio II,NXQ
1522,Nuveen Tax Free Income Portfolio III,NXR
1523,Nexpoint Residential Trust Inc,NXRT
1524,New York Community Bancorp,NYCB
1525,Nuveen New York Muni Value Fund 2,NYV
1526,Nuveen Divadv Fund 3,NZF
1527,Realty Income Corp,O
1528,Oaktree Acquisition Corp Cl A,OAC
1529,Owens Corning Inc,OC
1530,Oneconnect Financial Technology Co. Ltd America,OCFT
1531,Ocwen Financial Corp,OCN
1532,Oil-Dri Corp of America,ODC
1533,Orion Engineered Carbons S.A R,OEC
1534,Corporate Office Properties,OFC
1535,Oriental Financial Group,OFG
1536,Oge Energy Corp,OGE
1537,Omega Healthcare Investors,OHI
1538,Owens-Illinois,OI
1539,Oceaneering International,OII
1540,Oneok Inc,OKE
1541,Olin Corp,OLN
1542,One Liberty Properties,OLP
1543,Onemain Holdings Inc,OMF
1544,Owens & Minor,OMI
1545,On Deck Capital Inc,ONDK
1546,Onesmart International Education Group Ltd A,ONE
1547,Onto Innovation Inc.,ONTO
1548,Ooma Inc,OOMA
1549,Oppenheimer Holdings,OPY
1550,Osisko Gold Royalties Ltd,OR
1551,Ormat Technologies,ORA
1552,Orange ADR,ORAN
1553,Orchid Island Capital Inc,ORC
1554,Owl Rock Capital Corp,ORCC
1555,Oracle Corp,ORCL
1556,Norbord Inc,OSB
1557,Overseas Shipholding Group Inc,OSG
1558,Oak Street Health Inc,OSH
1559,Outfront Media Inc,OUT
1560,Ovintiv Inc.,OVV
1561,Occidental Petroleum Corp,OXY
1562,Plains All American Pipeline LP,PAA
1563,Pacific Drilling S.A.,PACD
1564,Ranpak Holdings Corp,PACK
1565,Penske Automotive Group,PAG
1566,Plains Gp Holdings LP,PAGP
1567,Pagseguro Digital Ltd Cl A,PAGS
1568,Pampa Energia S.A.,PAM
1569,Palo Alto Networks Inc,PANW
1570,Par Technology Corp,PAR
1571,Par Petroleum Corp,PARR
1572,Pembina Pipeline Cor,PBA
1573,Prospect Capital Corp,PBB
1574,PBF Energy Inc,PBF
1575,PBF Logistics LP,PBFX
1576,Prestige Brand Holdings,PBH
1577,Pitney Bowes Inc,PBI
1578,Petroleo Brasileiro S.A. Petrobras,PBR
1579,Permian Basin Royalty Trust,PBT
1580,Prospect Capital Corp 6.25% Notes Due 202,PBY
1581,Putnam High Income Bond Fund,PCF
1582,Pacific Gas & Electric Company,PCG
1583,Pimco Dynamic Credit Income Fun,PCI
1584,Pimco California Muni II,PCK
1585,Pimco Commercial Mortgage Securities,PCM
1586,Pimco Corporate,PCN
1587,CC Neuberger Principal Holdings I Cl A,PCPL
1588,Pimco California Muni,PCQ
1589,Pagerduty Inc,PD
1590,Pimco Dynamic Income Fund,PDI
1591,Piedmont Office Realty Trust,PDM
1592,Precision Drilling Corp,PDS
1593,John Hancock Premium Dividend Fund,PDT
1594,Parsley Energy,PE
1595,Healthpeak Properties Inc.,PEAK
1596,Public Service Enterprise Group Inc,PEG
1597,Pennsylvania Real Estate Investment,PEI
1598,Penumbra Inc,PEN
1599,Adams Natural Resources Fund Inc,PEO
1600,Sandridge Permian Trust,PER
1601,Pfizer Inc,PFE
1602,Pimco Income Strategy Fund,PFL
1603,Provident Financial Services,PFS
1604,Pennymac Financial Services IN,PFSI
1605,Pimco Global Stocksplus & Income,PGP
1606,Progressive Corp,PGR
1607,Paramount Group Inc,PGRE
1608,Pgt Inc,PGTI
1609,Principal Real Estate Income F,PGZ
1610,Parker-Hannifin Corp,PH
1611,Pioneer Floating Rate Trust,PHD
1612,Koninklijke Philips Electronics,PHG
1613,Philippine Long Distance Telephone,PHI
1614,Pimco High Income Fund,PHK
1615,Pultegroup,PHM
1616,Pioneer High Income Trust,PHT
1617,Panhandle Royalty Company,PHX
1618,Pivotal Investment Corp II Cl A,PIC
1619,Putnam Master Intermediate Income,PIM
1620,Alpine Income Property Trust Inc,PINE
1621,Ping Identity Holding Corp,PING
1622,Pinterest Inc,PINS
1623,Prudential Financial Inc,PJH
1624,Pjt Partners Inc Cl A,PJT
1625,Park Hotels & Resorts Inc,PK
1626,Park Electrochemical Corp,PKE
1627,Packaging Corp of America,PKG
1628,Perkinelmer,PKI
1629,Pimco Income Opportunity Fund,PKO
1630,Posco ADR,PKX
1631,Anaplan Inc,PLAN
1632,Prologis Inc,PLD
1633,Douglas Dynamics,PLOW
1634,Plantronics,PLT
1635,Philip Morris International Inc,PM
1636,Pimco Muni,PMF
1637,Pimco Muni II,PML
1638,Putnam Managed Muni Income Trust,PMM
1639,Putnam Muni Opportunities Trust,PMO
1640,Pennymac Mortgage Investment Trust,PMT
1641,Pimco Muni Income Fund III,PMX
1642,PNC Bank,PNC
1643,Pimco New York Muni,PNF
1644,Pimco New York Muni II,PNI
1645,PNM Resources Inc,PNM
1646,Pentair Ltd,PNR
1647,Pinnacle West Capital Corp,PNW
1648,Portland General Electric Company,POR
1649,Post Holdings Inc,POST
1650,VOYA Prime Rate Trust,PPR
1651,Putnam Premier Income Trust,PPT
1652,PPL Capital Funding Inc,PPX
1653,Pro-Assurance Corp,PRA
1654,Perrigo Company,PRGO
1655,Prudential Financial Inc,PRH
1656,Primerica Inc,PRI
1657,Proto Labs Inc,PRLB
1658,Primo Water Corp.,PRMW
1659,Pros Holdings,PRO
1660,Prosight Global Inc,PROS
1661,Prudential Financial Inc 5.625% Junior,PRS
1662,Perspecta Inc,PRSP
1663,Permrock Royalty Trust Trust Units,PRT
1664,Party City Holdco Inc,PRTY
1665,Prudential Financial Inc,PRU
1666,Public Storage,PSA-L
1667,Business Parks,PSB
1668,Cohen & Steers Preferred Fund,PSF
1669,Parsons Corp,PSN
1670,Pearson Plc,PSO
1671,Pure Storage Inc,PSTG
1672,Postal Realty Trust Cl A,PSTL
1673,Hermitage Offshore Services Ltd,PSV
1674,Phillips 66,PSX
1675,Phillips 66 Partners LP,PSXP
1676,Petrochina Company Ltd,PTR
1677,Pimco Corporate Opportunity Fund,PTY
1678,Prudential Public Ltd Company,PUK
1679,Propetro Holding Corp,PUMP
1680,Pretium Res Inc,PVG
1681,Phillips-Van Heusen Corp,PVH
1682,Permianville Royalty Trust,PVL
1683,Quanta Services,PWR
1684,Pioneer Natural Resources Company,PXD
1685,Pimco New York Muni Income Fund III,PYN
1686,Pplus Trust,PYS
1687,Pplus Trust,PYT
1688,Pimco California Muni Income Fund III,PZC
1689,Pzena Investment Management Inc,PZN
1690,Qudian Inc ADR,QD
1691,Quintana Energy Services Inc,QES
1692,Qiagen N.V.,QGEN
1693,Restaurant Brands International,QSR
1694,Qts Realty Trust Inc,QTS
1695,Q2 Holdings Inc,QTWO
1696,Quad Graphics Inc,QUAD
1697,Qvc Inc 6.375% Senior Secured Notes Due 2067,QVCD
1698,Ryder System,R
1699,Brookfield Real Assets Income Fund Inc,RA
1700,Ferrari N.V.,RACE
1701,Rite Aid Corp,RAD
1702,Liveramp Holdings Inc,RAMP
1703,Ritchie Bros. Auctioneers Inc,RBA
1704,Royal Bank Scotland Group Plc,RBS
1705,Ready Capital Corp 6.20% Senior Notes Due,RCB
1706,Rogers Communication,RCI
1707,Royal Caribbean Cruises Ltd,RCL
1708,Ready Capital Corp 6.50% Series,RCP
1709,Rcm Strategic Global Government Fund,RCS
1710,Arcus Biosciences Inc,RCUS
1711,Radian Group Inc,RDN
1712,Dr. Reddy's Laboratories Ltd,RDY
1713,Everest Re Group,RE
1714,Relx Plc,RELX
1715,Renren Inc,RENN
1716,RPC Inc,RES
1717,Altisource Residential Corp,RESI
1718,Revlon Inc,REV
1719,Rev Group Inc,REVG
1720,Rex American Resources Corp,REX
1721,Resideo Technologies Inc,REZI
1722,Regions Financial Corp,RF
1723,Cohen & Steers Total Return Realty Fund,RFI
1724,Resolute Forest Products Inc,RFP
1725,Reinsurance Group of America Inc,RGA
1726,Sturm Ruger & Company,RGR
1727,Regis Corp,RGS
1728,Royce Global Value Trust Inc,RGT
1729,Restoration Hardware Holdings,RH
1730,Robert Half International Inc,RHI
1731,Ryman Hospitality Properties REIT,RHP
1732,Transocean Inc,RIG
1733,Rio Tinto Plc,RIO
1734,Rivernorth Opportunities Fund,RIV
1735,Raymond James Financial,RJF
1736,Rocket Companies Inc Cl A,RKT
1737,Ralph Lauren Corp,RL
1738,Realogy Holdings Corp,RLGY
1739,Red Lion Hotels Corp,RLH
1740,Rli Corp,RLI
1741,Rlj Lodging Trust,RLJ
1742,Regional Managment Corp,RM
1743,Resmed Inc,RMD
1744,Ra Medical Systems Inc,RMED
1745,Rmg Acquisition Corp Cl A,RMG
1746,Rivernorth Opportunistic Municipal Income Fund,RMI
1747,Rivernorth Managed Duration Municipal Income Fun,RMM
1748,Royce Micro-Cap Trust,RMT
1749,Ringcentral Inc,RNG
1750,Ranger Energy Services Inc Cl A,RNGR
1751,Cohen & Steers REIT and Preferred,RNP
1752,Rogers Corp,ROG
1753,Rockwell Automation Inc,ROK
1754,Rollins Inc,ROL
1755,Roper Industries,ROP
1756,Pacific Coast Oil Trust,ROYT
1757,Retail Properties of America,RPAI
1758,Replay Acquisition Corp,RPLA
1759,RPM International Inc,RPM
1760,Ramco-Gershenson Properties Trust,RPT
1761,Cohen & Steers Quality Income Realty Fund Inc,RQI
1762,Range Resources Corp,RRC
1763,Reliance Steel & Aluminum Company,RS
1764,Rivernorth Marketplace Lending Corp,RSF
1765,Retail Value Inc,RVI
1766,Revolve Group Inc,RVLV
1767,Royce Value Trust,RVT
1768,Redwood Trust,RWT
1769,Rexnord Corp,RXN
1770,Royal Bank of Canada,RY
1771,Rayonier Advanced Materials Inc,RYAM
1772,Ryb Education Inc Aps,RYB
1773,Amira Nature Foods Ltd,RYCE
1774,Rayonier Inc REIT,RYN
1775,Reinsurance Group of America,RZB
1776,Seabridge Gold,SA
1777,Safehold Inc,SAFE
1778,Sonic Automotive,SAH
1779,Saratoga Investment Corp 7.25% Notes Due 2025,SAK
1780,Scorpio Bulkers Inc,SALT
1781,Boston Beer Company,SAM
1782,Banco Santander,SAN
1783,Sandstorm Gold Ltd,SAND
1784,Saratoga Investment Corp,SAR
1785,Spirit Airlines Inc,SAVE
1786,Safe Bulkers Inc,SB
1787,Scorpio Tankers Inc 7.00% Senior Notes Due 2025,SBBA
1788,Western Asset Intermediate Fund Inc,SBI
1789,Silverbow Resources Inc,SBOW
1790,Cia DE Saneamento Basico Do Estado,SBS
1791,Santander Consumer USA Holdings,SC
1792,Stellus Capital Investment 5.75% Notes Due 2022,SCA
1793,Southern Peru Copper Corp,SCCO
1794,Lmp Capital and Income Fund Inc,SCD
1795,The Charles Schwab Corp,SCHW
1796,Service Corp International,SCI
1797,Stepan Company,SCL
1798,Stellus Capital Investment Cor,SCM
1799,SC Health Corp Cl A,SCPE
1800,Steelcase Inc,SCS
1801,Sculptor Capital Management Inc,SCU
1802,Scvx Corp Cl A,SCVX
1803,L.S. Starrett Company,SCX
1804,Sandridge Energy Inc,SD
1805,Sea Ltd ADR,SE
1806,Sealed Air Corp,SEE
1807,Servicemaster Global Holdings,SERV
1808,Stifel Financial Corp,SF-C
1809,Stifel Financial Corp 5.20% Senior Notes,SFB
1810,Safeguard Scientifics,SFE
1811,Ship Finance International,SFL
1812,Osprey Technology Acquisition Corp Cl A,SFTW
1813,Fang Holdings Ltd.,SFUN
1814,Star Gas Partners LP,SGU
1815,Shake Shack Inc,SHAK
1816,Shinhan Financial Group Co. Ltd,SHG
1817,Sinopec Shangai Petrochemical Company Ltd,SHI
1818,Tortoise Acquisition Corp Cl A,SHLL
1819,Sunstone Hotel Investors,SHO
1820,Shopify Inc,SHOP
1821,Sherwin-Williams Company,SHW
1822,Companhia Siderurgica Nacional,SID
1823,Signet Jewelers Ltd,SIG
1824,Sprott Inc,SII
1825,Site Centers Corp,SITC
1826,Siteone Landscape Supply,SITE
1827,South Jersey Industries,SJI
1828,South Jersey Industries Inc 5.625% Junior Subor,SJIJ
1829,South Jersey Industries Inc,SJIU
1830,J.M. Smucker Company,SJM
1831,Shaw Communications Inc,SJR
1832,San Juan Basin Royalty Trust,SJT
1833,Sk Telecom Corp,SKM
1834,Schlumberger N.V.,SLB
1835,U.S. Silica Holdings Inc,SLCA
1836,Sun Life Financial Inc,SLF
1837,SL Green Realty Corp,SLG
1838,Sm Energy Company,SM
1839,Smartsheet Inc Cl A,SMAR
1840,Sumitomo Mitsui Financial Group Inc,SMFG
1841,Scotts Miracle-Gro Company,SMG
1842,Salient Midstream & MLP Fund,SMM
1843,Standard Motor Products,SMP
1844,Snap-On Inc,SNA
1845,Snap Inc,SNAP
1846,Schneider National Inc,SNDR
1847,Sony Corp,SNE
1848,Smith & Nephew Snats,SNN
1849,China Petroleum & Chemical Corp,SNP
1850,New Senior Investment Group Inc,SNR
1851,Synovus Financial Corp,SNV
1852,Synnex Corp,SNX
1853,Sustainable Opportunities Acquisition Corp Cl A,SOAC
1854,Solaris Oilfield Infrastructure Inc Cl A,SOI
1855,The Southern Co. Series,SOJA
1856,Southern Company,SOJB
1857,Southern Company Series 2017B 5.25% Junior Subor,SOJC
1858,Southern Company Series 2020A 4.95% Junior Subor,SOJD
1859,Renesola Ltd,SOL
1860,Southern Company,SOLN
1861,Sonoco Products Company,SON
1862,Sos Limited,SOS
1863,Spartan Energy Acquisition Corp Cl A,SPAQ
1864,Spectrum Brands Holdings Inc,SPB
1865,Virgin Galactic Holdings Inc,SPCE
1866,S&P Global Inc,SPGI
1867,Suburban Propane Partners LP,SPH
1868,Steel Partners Hlds,SPLP
1869,Superior Energy Services,SPN
1870,Spotify Technology S.A.,SPOT
1871,Spirit Aerosystems Holdings,SPR
1872,SPX Corp,SPXC
1873,Square,SQ
1874,Sociedad Quimica Y Minera S.A.,SQM
1875,Sequans Communications S A,SQNS
1876,Spire Inc,SR
1877,Spirit Realty Capital Inc,SRC
1878,Sempra Energy,SRE
1879,Sempra Energy 5.750% Junior Subordinated Notes D,SREA
1880,Seritage Growth Properties,SRG
1881,Stoneridge Inc,SRI
1882,Scully Royalty Ltd,SRL
1883,Sprague Resources LP,SRLP
1884,Startek Inc,SRT
1885,The Cushing MLP Total Return Fund,SRV
1886,Simpson Manufacturing Company,SSD
1887,Sasol Ltd,SSL
1888,Shutterstock Inc,SSTK
1889,Sensata Technologies Holding N.V.,ST
1890,STI Inc,STAG
1891,Istar Financial Inc,STAR
1892,Stewart Information Services Corp,STC
1893,Steris Corp,STE
1894,Sunlands Online Education Group ADR,STG
1895,Columbia Seligman Premium Technology,STK
1896,Sterling Bancorp,STL
1897,Stmicroelectronics N.V.,STM
1898,Stantec Inc,STN
1899,Scorpio Tankers Inc,STNG
1900,Stonemor Partners LP,STON
1901,Store Capital Corpstore Capital,STOR
1902,State Street Corp,STT
1903,Starwood Property Trust,STWD
1904,Constellation Brands Inc,STZ
1905,Suncor Energy Inc,SU
1906,Sun Communities,SUI
1907,Summit Materials Inc,SUM
1908,Sunoco LP,SUN
1909,Superior Industries International,SUP
1910,Grupo Supervielle S.A.,SUPV
1911,Switch Inc,SWCH
1912,Solarwinds Corp,SWI
1913,Stanley Black & Decker Inc,SWK
1914,Schweitzer-Mauduit International,SWM
1915,Southwestern Energy Company,SWN
1916,Stanley Black & Decker Inc,SWT
1917,Southwest Gas Corp,SWX
1918,Swiss Helvetia Fund,SWZ
1919,Suncoke Energy Inc,SXC
1920,Standex International Corp,SXI
1921,Stryker Corp,SYK
1922,Systemax Inc,SYX
1923,Sysco Corp,SYY
1924,The Cushing Renaissance Fund,SZC
1925,AT&T Inc,T
1926,Transalta Corp,TAC
1927,Takeda Pharmaceutical Co. Ltd,TAK
1928,Tal Education Group,TAL
1929,Talos Energy Inc,TALO
1930,Molson Coors Brewing Company,TAP
1931,Taro Pharm Inds,TARO
1932,AT&T Inc 5.350% Global Notes Due 2066,TBB
1933,Transcontinental Realty Investors,TCI
1934,Taubman Centers,TCO
1935,THL Credit Inc 6.125% Notes Due 2023,TCRW
1936,THL Credit Inc,TCRZ
1937,The Container Store Group Inc,TCS
1938,Toronto Dominion Bank,TD
1939,Telephone and Data Systems Inc,TDA
1940,Teradata Corp,TDC
1941,Telephone and Data Systems,TDE
1942,Templeton Dragon Fund,TDF
1943,Telephone and Data Systems,TDI
1944,Telephone and Data Systems Inc,TDJ
1945,Teladoc Health Inc,TDOC
1946,Telephone and Data Systems,TDS
1947,Tidewater Inc,TDW
1948,Tortoise Essential Assets Income Term Fund,TEAF
1949,Teck Resources Ltd,TECK
1950,Te Connectivity Ltd,TEL
1951,Tenneco Automotive,TEN
1952,Telecom Argentina Stet France Telecom S.A.,TEO
1953,Teva Pharmaceutical Industries Ltd,TEVA
1954,Terex Corp,TEX
1955,Truist Financial Corp.,TFC
1956,Tfi International Inc.,TFII
1957,Teleflex Inc,TFX
1958,Tredegar Corp,TG
1959,Textainer Group Holdings,TGH
1960,Triumph Group,TGI
1961,Tegna Inc,TGNA
1962,Teekay Lng Partners LP,TGP
1963,Transportadora DE Gas Sa Ord B,TGS
1964,Target Corp,TGT
1965,Tenet Healthcare Corp,THC
1966,The Hanover Insurance Group,THG
1967,The Hanover Insurance Group,THGA
1968,Thor Industries,THO
1969,Tekla Healthcare Opportunities,THQ
1970,Treehouse Foods,THS
1971,Tekla World Healthcare Fund,THW
1972,Tiffany & Company,TIF
1973,Team Inc,TISI
1974,TJX Companies,TJX
1975,Teekay Shipping Corp,TK
1976,Turkcell Iletisim Hizmetleri As,TKC
1977,Timken Company,TKR
1978,Lmp Corporate Loan Fund Inc,TLI
1979,P.T. Telekomunikasi Indonesia Tbk,TLK
1980,Tailored Brands Inc,TLRD
1981,Tilly's Inc,TLYS
1982,Toyota Motor Corp Ltd Ord,TM
1983,Tencent Music Entertainment Group ADR,TME
1984,Thermo Fisher Scientific Inc,TMO
1985,Timken Steel Corp,TMST
1986,Tennant Company,TNC
1987,Trinet Group Inc,TNET
1988,Teekay Tankers Ltd,TNK
1989,Tsakos Energy Navigation Ltd,TNP
1990,Toll Brothers Inc,TOL
1991,Turning Point Brands,TPB
1992,Tutor Perini Corp,TPC
1993,Tri Pointe Homes Inc,TPH
1994,Texas Pacific Land Trust,TPL
1995,Tapestry Inc,TPR
1996,Third Point Reinsurance Ltd Company,TPRE
1997,Triplepoint Venture Growth Bdc,TPVG
1998,Triplepoint Venture Growth Bdc Corp 5.75% Notes,TPVY
1999,Tempur-Pedic International Inc,TPX
2000,Tortoise Power and Energy,TPZ
2001,Tootsie Roll Industries,TR
2002,Tejon Ranch Company,TRC
2003,Trebia Acquisition Corp Cl A,TREB
2004,Trecora Resources,TREC
2005,Trex Company,TREX
2006,Targa Resources,TRGP
2007,Thomson Reuters Corp,TRI
2008,Trinity Industries,TRN
2009,Trine Acquisition Corp Cl A,TRNE
2010,Terreno Realty Corp,TRNO
2011,Tronox Inc,TROX
2012,Transcananda Pipelines,TRP
2013,Turquoise Hill Resources Ltd,TRQ
2014,Triton International Ltd,TRTN
2015,Tpg Re Finance Trust Inc,TRTX
2016,Transunion,TRU
2017,The Travelers Companies Inc,TRV
2018,Twin River Worldwide Holdings Inc,TRWH
2019,Tenaris S.A.,TS
2020,Trinseo S.A.,TSE
2021,Tcw Strategic,TSI
2022,Tpg Specialty Lending Inc,TSLX
2023,Taiwan Semiconductor Manufacturing,TSM
2024,Tyson Foods,TSN
2025,Tim Participacoes S.A.,TSU
2026,Trane Technologies Plc,TT
2027,Toro Company,TTC
2028,Tetra Technologies,TTI
2029,Tata Motors Ltd,TTM
2030,Tortoise Pipeline & Energy Fund,TTP
2031,Tufin Software Technologies Ltd,TUFN
2032,Tupperware Corp,TUP
2033,Grupo Televisa S.A.,TV
2034,Tennessee Valley Authority,TVC
2035,Tennessee Valley Authority,TVE
2036,Titan International,TWI
2037,Twilio,TWLO
2038,Taiwan Fund,TWN
2039,Two Harbors Investments Corp,TWO
2040,Twitter Inc,TWTR
2041,Ternium S.A.,TX
2042,Tri Continental Corp,TY
2043,Tortoise Energy Infrastructure Corp,TYG
2044,Tyler Technologies,TYL
2045,Under Armour Inc Cl C,UA
2046,Under Armour,UAA
2047,Cvr Partners LP,UAN
2048,Uber Technologies Inc,UBER
2049,Urstadt Biddle Properties Inc,UBP
2050,UBS Group Ag,UBS
2051,Urban Edge Properties,UE
2052,Unifi Inc,UFI
2053,Domtar Corp,UFS
2054,Ugi Corp,UGI
2055,Ultrapar Participacoes S.A.,UGP
2056,Universal Health Services,UHS
2057,Universal Health Realty Income Trust,UHT
2058,Ubiquiti Networks,UI
2059,Unisys Corp,UIS
2060,Unilever Plc,UL
2061,United Microelectronics Corp,UMC
2062,Umh Properties,UMH
2063,Unilever NV,UN
2064,Unifirst Corp,UNF
2065,United Nat Foods,UNFI
2066,Unumprovident Corp,UNM
2067,Unum Group 6.250% Junior Subordinated Notes Due,UNMA
2068,Union Pacific Corp,UNP
2069,Univar Inc,UNVR
2070,United Parcel Service,UPS
2071,United Rentals,URI
2072,Liberty All-Star Equity Fund,USA
2073,USA Compression Partners LP,USAC
2074,U.S. Bancorp,USB
2075,USD Partners LP,USDP
2076,US Foods Holding,USFD
2077,United States Cellular Corp,USM
2078,Usana Health Sciences Inc,USNA
2079,U.S. Physical Therapy,USPH
2080,U.S. Xpress Enterprises Inc Cl A,USX
2081,Cohen & Steers Infrastructure Fund,UTF
2082,Universal Technical Institute Inc,UTI
2083,Unitil Corp,UTL
2084,Universal Insurance Holdings Inc,UVE
2085,Universal Corp,UVV
2086,United States Cellular Corp,UZA
2087,United States Cellular Corp,UZB
2088,United States Cellular Corp,UZC
2089,Visa Inc,V
2090,Marriot Vacations Worldwide Cor,VAC
2091,Valaris Plc,VAL
2092,Vale S.A.,VALE
2093,Vapotherm Inc,VAPO
2094,Varian Medical Systems,VAR
2095,Invesco Van Kampen Bond Fund,VBF
2096,Vertical Capital Income Fund Common Shares of BE,VCIF
2097,Vocera Communications Inc,VCRA
2098,Vectrus Inc,VEC
2099,Vedanta Ltd,VEDL
2100,Veeva Systems Inc,VEEV
2101,Velocity Financial Inc,VEL
2102,Vereit Inc,VER
2103,Vermilion Energy Inc,VET
2104,V.F. Corp,VFC
2105,Virtus Global Multi-Sector Inc,VGI
2106,Invesco Trust For Investment Grade Municipals,VGM
2107,Vector Group Ltd,VGR
2108,Virnetx Holding Corp,VHC
2109,Valhi Inc,VHI
2110,Vici Properties Inc,VICI
2111,Vipshop Holdings Ltd,VIPS
2112,Vista Oil & Gas S.A.B. DE C.V.,VIST
2113,Telecomunicacoes DE Sao Paulo ADR,VIV
2114,Voxeljet Ag,VJET
2115,Invesco Muni Trust,VKQ
2116,Valero Energy Corp,VLO
2117,Controladora Vuela Compaia DE,VLRS
2118,Invesco High,VLT
2119,Vulcan Materials Company,VMC
2120,Valmont Industries,VMI
2121,Invesco Muni Opportunity Trust,VMO
2122,Vmware Inc,VMW
2123,Vince Holding Corp,VNCE
2124,Veoneer Inc,VNE
2125,Vornado Realty Trust,VNO
2126,Venator Materials Plc,VNTR
2127,Voc Energy Trust,VOC
2128,Invesco Pennsylvania Muni,VPV
2129,Verso Corp,VRS
2130,Vertiv Holdings Llc.,VRT
2131,Veritiv Corp,VRTV
2132,Vishay Intertechnology,VSH
2133,Vivint Solar Inc,VSLR
2134,Vistra Energy Corp,VST
2135,Vista Outdoor Inc,VSTO
2136,Invesco Dynamic Credit Fund,VTA
2137,Invesco Trust New York Muni,VTN
2138,Bristow Group Inc.,VTOL
2139,Ventas Inc,VTR
2140,Viad Corp,VVI
2141,Vivint Smart Home Inc.,VVNT
2142,Invesco Senior Income Trust,VVR
2143,Valvoline Inc,VVV
2144,Wayfair Inc,W
2145,Wabtec Corp,WAB
2146,Western Alliance Bancorp,WAL
2147,Western Alliance Bancorp,WALA
2148,Waters Corp,WAT
2149,500Wan.com Ltd,WBAI
2150,Westpac Banking Corp,WBK
2151,Webster Financial Corp,WBS
2152,Welbilt Inc,WBT
2153,Wesco International,WCC
2154,Waste Connections Inc,WCN
2155,Walker & Dunlop,WD
2156,Waddell & Reed Financial,WDR
2157,Western Asset Bond Fund,WEA
2158,Weidai Ltd ADR,WEI
2159,Welltower Inc,WELL
2160,Western Midstream Partners LP,WES
2161,Wex Inc,WEX
2162,Woori Finance Holdings Co. Ltd,WF
2163,Wells Fargo & Company,WFC
2164,Winnebago Industries,WGO
2165,Wyndham Hotels & Resorts Inc,WH
2166,Cactus Inc Cl A,WHD
2167,Westwood Holdings Group Inc,WHG
2168,Whirlpool Corp,WHR
2169,U.S. Treasury Inflation Prot Secs Fd,WIA
2170,Wipro Ltd,WIT
2171,U.S Treasury Inflation Prot Secs Fd 2,WIW
2172,Workiva Llc,WK
2173,Whiting Petroleum Corp,WLL
2174,Western Asset Mortgage Capital,WMC
2175,Advanced Drainage Systems Inc,WMS
2176,Wal-Mart Stores,WMT
2177,Wabash National Corp,WNC
2178,Wns Ltd,WNS
2179,Worthington Industries,WOR
2180,Slack Technologies Inc,WORK
2181,W.P. Carey & Co. Llc,WPC
2182,Foley Trasimene Acquisition Cl A,WPF
2183,Washington Prime Group Inc,WPG
2184,Wpp Plc ADR,WPP
2185,Wpx Energy Inc,WPX
2186,Washington Real Estate Investment,WRE
2187,Weingarten Realty Investors,WRI
2188,Westrock Company,WRK
2189,Williams-Sonoma,WSM
2190,Watsco Inc,WSO
2191,Whitestone REIT,WSR
2192,West Pharmaceutical Services,WST
2193,W&T Offshore,WTI
2194,White Mountains Insurance Group,WTM
2195,Essential Utilities Inc.,WTRG
2196,Aqua America Inc 6.00% Tangible Equity Units,WTRU
2197,Watts Water Technologies,WTS
2198,58.com Inc,WUBA
2199,World Wrestling Entertainment,WWE
2200,Wolverine World Wide,WWW
2201,Weyerhaeuser Company,WY
2202,Wyndham Destinations Inc,WYND
2203,United States Steel Corp,X
2204,Exantas Capital Corp,XAN
2205,Cimarex Energy Company,XEC
2206,Xai Octagon Floating Alt Income Term Trust Compa,XFLT
2207,Xenia Hotels & Resorts Inc,XHR
2208,Xinyuan Real Estate Co. Ltd,XIN
2209,Exxon Mobil Corp,XOM
2210,Xpo Logistics Inc,XPO
2211,China Rapid Finance Ltd ADR,XRF
2212,X Financial,XYF
2213,Xylem Inc,XYL
2214,Alleghany Corp,Y
2215,Yelp Inc,YELP
2216,Yeti Holdings Inc,YETI
2217,Yirendai Ltd,YRD
2218,Yum! Brands,YUM
2219,Yum China Holdings Inc,YUMC
2220,Zimmer Biomet Holdings,ZBH
2221,Zendesk Inc,ZEN
2222,China Southern Airlines Company,ZNH
2223,Zto Express [Cayman] Inc,ZTO
2224,Virtus Global Divd & Income Fund,ZTR
2225,Zoetis Inc Cl A,ZTS
2226,Zuora Inc,ZUO
2227,Zymeworks Inc,ZYME
